full_name,date_of_birth,gender,salary,designation
Conway,2021-04-25,Male,67,Mat Lam Tam
Griselda,2021-06-02,Female,30,Flowdesk
Alvy,2021-05-23,Male,18,Flowdesk
Mirilla,2021-07-16,Female,51,Hatity
Junina,2021-08-01,Female,93,Alphazap
Ailis,2021-03-22,Female,22,Voyatouch
Delila,2021-12-03,Female,30,Y-Solowarm
Angeli,2021-11-23,Male,88,Temp
Zorine,2021-07-14,Agender,86,Greenlam
Rochette,2021-11-29,Non-binary,63,Lotstring
Kristina,2022-01-14,Non-binary,98,Daltfresh
Ronald,2021-04-28,Male,42,Alphazap
Augusto,2021-11-20,Male,98,Bamity
Orren,2021-09-21,Genderqueer,73,Regrant
Alard,2021-12-04,Female,78,Temp
Tad,2021-11-24,Female,30,Alphazap
Rikki,2021-08-16,Agender,50,Pannier
Lon,2021-03-26,Female,4,Overhold
Gaye,2021-09-03,Female,95,Latlux
Sallyanne,2021-12-06,Female,49,Domainer
Teodoro,2021-10-12,Female,50,Rank
Johnnie,2021-04-05,Polygender,3,Greenlam
Donall,2021-10-19,Female,19,Zathin
Vevay,2021-06-13,Non-binary,84,Kanlam
Winn,2021-06-16,Female,37,Flowdesk
Delmor,2021-10-30,Female,18,Bitwolf
Egan,2021-06-08,Polygender,31,Biodex
Reube,2021-03-18,Genderqueer,25,Asoka
Julietta,2021-08-14,Male,24,Wrapsafe
Hyacintha,2022-02-15,Female,87,Bitchip
Laney,2021-06-30,Male,8,Trippledex
Gayle,2021-11-02,Male,41,Opela
Stefano,2021-11-05,Female,57,Fixflex
Barbabra,2021-09-16,Female,59,Asoka
Ollie,2021-09-18,Male,70,Rank
Jeannine,2022-01-22,Male,26,Pannier
Mamie,2021-10-25,Male,12,Span
Ignacius,2021-06-07,Male,22,Home Ing
Maybelle,2021-10-17,Female,16,Duobam
Alfie,2021-11-25,Male,36,Wrapsafe
Iolande,2021-06-07,Male,73,Y-Solowarm
Hershel,2021-07-22,Female,80,Tresom
Ardra,2021-10-30,Polygender,40,Fixflex
Stacee,2021-06-29,Female,100,Mat Lam Tam
Sybila,2021-04-02,Female,49,Holdlamis
Eada,2021-07-04,Male,98,Konklux
Fonz,2022-02-04,Female,27,Zontrax
Nestor,2021-12-17,Male,99,Asoka
Rand,2021-12-15,Female,21,Hatity
Anastasia,2021-03-20,Female,64,Home Ing
Beverley,2022-02-04,Male,67,Stim
Woodie,2021-08-02,Female,43,Domainer
Teddy,2021-03-24,Female,14,Viva
Darb,2021-11-15,Female,15,Flexidy
Arleta,2021-06-27,Female,56,Transcof
Reeba,2021-05-06,Female,29,Tin
Traci,2021-12-29,Male,26,Holdlamis
Charmaine,2021-04-26,Female,95,Stronghold
Robbyn,2021-05-03,Male,57,Domainer
Garey,2021-04-13,Male,65,Tres-Zap
Abbi,2021-12-16,Male,61,Treeflex
Joela,2022-02-06,Male,79,Solarbreeze
Marilee,2021-09-24,Female,80,Quo Lux
Derrik,2021-04-29,Bigender,3,Tresom
Maye,2021-03-23,Male,17,Alphazap
Selinda,2021-08-02,Agender,4,Cardify
Quint,2021-11-21,Female,87,Redhold
Neal,2021-09-23,Male,88,Sub-Ex
Blayne,2021-04-20,Female,51,Otcom
Deerdre,2021-05-30,Female,2,Tres-Zap
Bari,2021-07-08,Female,60,Fix San
Cassi,2021-03-28,Female,56,Y-Solowarm
Bald,2021-03-10,Male,61,Viva
Elsa,2021-08-02,Male,45,Andalax
Arlena,2021-07-19,Female,55,Gembucket
Valina,2021-05-06,Female,93,Konklux
Taryn,2022-01-18,Male,84,Solarbreeze
Kristine,2021-04-03,Male,86,Zamit
Kamillah,2021-09-19,Male,3,Sonsing
Paule,2021-05-10,Female,38,Wrapsafe
Edouard,2021-12-15,Male,66,Stronghold
Gabbie,2021-03-04,Female,22,Transcof
Jayme,2021-04-21,Female,71,Stim
Idell,2021-10-09,Female,97,Tin
Joel,2021-07-19,Female,86,Stim
Cris,2021-06-20,Male,4,Fix San
Ynes,2021-05-06,Female,17,Domainer
Gaby,2021-02-21,Female,34,Mat Lam Tam
Corinna,2021-12-22,Female,8,Bitchip
Erich,2021-07-02,Female,83,Zontrax
Halette,2021-08-03,Female,89,Rank
Drucy,2021-11-15,Female,58,Veribet
Rivy,2021-11-04,Female,54,Zathin
Vally,2022-01-17,Female,76,Konklab
Brittan,2021-07-21,Male,78,Tin
Devonne,2021-03-11,Female,60,Home Ing
Delaney,2021-12-15,Female,91,Lotstring
Cherin,2021-06-12,Female,13,Tres-Zap
Ranice,2021-12-26,Bigender,74,Otcom
Kitty,2022-01-26,Female,23,Asoka
